time,seconds_elapsed,bpm
1781591776786000000,1.015999755859375,94
1781591777881000000,2.111,96
1781591778887000000,3.117,96
1781591779890000000,4.119999755859375,97
1781591780895000000,5.125,98
1781591781900000000,6.13,97
1781591782905000000,7.135,98
1781591783911000000,8.141,98
1781591784915000000,9.145,0
1781591785920000000,10.15,98
1781591786925000000,11.155,97
1781591787930000000,12.159999755859374,98
1781591788935000000,13.165,99
1781591789940000000,14.17,101
1781591790945000000,15.175,102
1781591791949000000,16.179,103
1781591792955000000,17.185,103
1781591793960000000,18.19,104
1781591794965000000,19.195,105
1781591795970000000,20.199999755859373,106
1781591796975000000,21.205,107
1781591797979000000,22.209,107
1781591798984000000,23.214,108
1781591799988000000,24.218,106
1781591800993000000,25.223,105
1781591801999000000,26.229,107
1781591803003000000,27.233,108
1781591804006000000,28.236000244140627,107
1781591805012000000,29.242,108
1781591806017000000,30.247,108
1781591807022000000,31.252000244140625,108
1781591808027000000,32.257,108
1781591809032000000,33.262,108
1781591810037000000,34.267,108
1781591811041000000,35.271,0
1781591812047000000,36.277,108
1781591813052000000,37.282,107
1781591814056000000,38.286,107
1781591815061000000,39.291,107
1781591816066000000,40.29599975585938,107
1781591817071000000,41.301,107
1781591818076000000,42.306,107
1781591819081000000,43.311,107
1781591820086000000,44.316000244140625,108
1781591821091000000,45.321,108
1781591822096000000,46.326,109
1781591823101000000,47.331,109
1781591824106000000,48.335999755859376,109
1781591825111000000,49.341,109
1781591826116000000,50.346,110
1781591827122000000,51.351999755859374,110
1781591828127000000,52.357,110
1781591829132000000,53.362,111
1781591830137000000,54.367,111
1781591831142000000,55.37200024414062,111
1781591832148000000,56.378,111
1781591833153000000,57.383,111
1781591834158000000,58.38800024414063,111
1781591835164000000,59.394,111
1781591836169000000,60.399,111
1781591837174000000,61.404000244140626,111
1781591838180000000,62.41,111
1781591839185000000,63.415,111
1781591840190000000,64.42000024414062,111
1781591841195000000,65.425,111
1781591842200000000,66.43,111
1781591843205000000,67.435,111
1781591844210000000,68.43999975585938,111
1781591845215000000,69.445,111
1781591846220000000,70.45,111
1781591847225000000,71.455,112
1781591848230000000,72.46000024414063,112
1781591849235000000,73.465,112
1781591850240000000,74.47,112
1781591851245000000,75.475,112
1781591852250000000,76.47999975585938,112
1781591853254000000,77.48400024414063,112
1781591854259000000,78.489,113
1781591855264000000,79.494,113
1781591856269000000,80.499,112
1781591857274000000,81.50399975585937,112
1781591858278000000,82.50800024414062,112
1781591859283000000,83.513,112
1781591860288000000,84.518,112
1781591861293000000,85.523,112
1781591862298000000,86.52799975585937,112
1781591863303000000,87.533,112
1781591864308000000,88.538,112
1781591865313000000,89.543,112
1781591866318000000,90.54800024414062,112
1781591867322000000,91.55199975585937,112
1781591868327000000,92.557,112
1781591869332000000,93.562,112
1781591870335000000,94.565,112
1781591871340000000,95.57,112
1781591872345000000,96.575,111
1781591873350000000,97.58000024414062,111
1781591874355000000,98.585,111
1781591875360000000,99.59,111
1781591876365000000,100.595,111
1781591877370000000,101.59999975585937,111
1781591878376000000,102.606,111
1781591879381000000,103.611,111
1781591880387000000,104.617,111
1781591881392000000,105.622,111
1781591882398000000,106.62800024414062,111
1781591883403000000,107.633,111
1781591884408000000,108.638,111
1781591885413000000,109.643,111
1781591886419000000,110.649,111
1781591887424000000,111.654,111
1781591888429000000,112.659,112
1781591889434000000,113.66399975585938,112
1781591890439000000,114.669,112
1781591891445000000,115.675,113
1781591892450000000,116.67999975585937,113
1781591893455000000,117.685,113
1781591894461000000,118.691,113
1781591895466000000,119.69599975585938,113
1781591896472000000,120.702,113
1781591897477000000,121.707,113
1781591898483000000,122.713,113
1781591899488000000,123.718,114
1781591900493000000,124.723,114
1781591901498000000,125.72799975585937,114
1781591902504000000,126.734,114
1781591903509000000,127.739,114
1781591904514000000,128.74399975585936,114
1781591905519000000,129.749,114
1781591906522000000,130.75199975585937,114
1781591907528000000,131.758,114
1781591908533000000,132.763,114
1781591909539000000,133.769,114
1781591910545000000,134.775,114
1781591911550000000,135.78000024414064,114
1781591912555000000,136.785,114
1781591913560000000,137.79,114
1781591914566000000,138.79600024414063,114
1781591915571000000,139.801,114
1781591916577000000,140.807,115
1781591917582000000,141.81200024414062,114
1781591918588000000,142.818,114
1781591919594000000,143.82399975585938,114
1781591920599000000,144.829,114
1781591921604000000,145.834,114
1781591922610000000,146.83999975585937,114
1781591923616000000,147.846,114
1781591924622000000,148.8520002441406,114
1781591925628000000,149.858,114
1781591926633000000,150.863,114
1781591927639000000,151.869,114
1781591928645000000,152.875,114
1781591929651000000,153.881,114
1781591930657000000,154.887,114
1781591931662000000,155.89200024414063,114
1781591932668000000,156.898,114
1781591933673000000,157.903,114
1781591934679000000,158.909,114
1781591935685000000,159.915,114
1781591936690000000,160.91999975585938,114
1781591937696000000,161.926,113
1781591938701000000,162.931,113
1781591939706000000,163.93599975585937,113
1781591940712000000,164.942,113
1781591941718000000,165.94800024414062,113
1781591942723000000,166.953,112
1781591943728000000,167.958,112
1781591944734000000,168.96400024414064,112
1781591945739000000,169.969,112
1781591946745000000,170.975,111
1781591947750000000,171.98000024414063,111
1781591948752000000,172.982,111
1781591949757000000,173.987,111
1781591950762000000,174.99199975585938,111
1781591951768000000,175.998,110
1781591952773000000,177.003,111
1781591953779000000,178.009,111
1781591954784000000,179.014,111
1781591955790000000,180.02000024414062,111
1781591956795000000,181.025,111
1781591957800000000,182.03,111
1781591958806000000,183.03600024414064,111
1781591959811000000,184.041,111
1781591960817000000,185.047,111
1781591961822000000,186.05200024414063,111
1781591962828000000,187.058,111
1781591963833000000,188.063,111
1781591964838000000,189.06800024414062,111
1781591965844000000,190.074,111
1781591966850000000,191.07999975585938,111
1781591967855000000,192.085,111
1781591968861000000,193.091,112
1781591969866000000,194.09599975585937,112
1781591970872000000,195.102,112
1781591971877000000,196.107,112
1781591972882000000,197.1119997558594,112
1781591973888000000,198.118,112
1781591974894000000,199.12400024414063,112
1781591975900000000,200.13,112
1781591976905000000,201.135,112
1781591977911000000,202.141,112
1781591978916000000,203.146,112
1781591979922000000,204.15199975585938,112
1781591980927000000,205.157,112
1781591981932000000,206.162,112
1781591982938000000,207.16799975585937,113
1781591983943000000,208.173,113
1781591984949000000,209.179,113
1781591985955000000,210.185,114
1781591986960000000,211.19,114
1781591987965000000,212.195,114
1781591988971000000,213.201,114
1781591989977000000,214.207,114
1781591990982000000,215.21200024414063,114
1781591991988000000,216.218,114
1781591992993000000,217.223,113
1781591993999000000,218.229,113
1781591995004000000,219.234,112
1781591996009000000,220.239,111
1781591997015000000,221.245,109
1781591998021000000,222.251,108
1781591999026000000,223.25599975585936,107
1781592000032000000,224.262,106
1781592001037000000,225.267,106
1781592002042000000,226.27199975585938,106
1781592003048000000,227.278,106
1781592004054000000,228.28400024414063,106
1781592005060000000,229.29,106
1781592006065000000,230.295,106
1781592007070000000,231.30000024414062,106
1781592008076000000,232.306,106
1781592009081000000,233.311,106
1781592010087000000,234.317,106
1781592011093000000,235.323,106
1781592012098000000,236.32799975585937,107
1781592013104000000,237.334,107
1781592014110000000,238.3400002441406,107
1781592015116000000,239.346,108
1781592016122000000,240.35199975585937,108
1781592017127000000,241.357,109
1781592018133000000,242.363,109
1781592019139000000,243.369,109
1781592020144000000,244.374,109
1781592021149000000,245.379,109
1781592022155000000,246.385,109
1781592023160000000,247.39,109
1781592024166000000,248.39600024414062,110
1781592025171000000,249.401,110
1781592026175000000,250.405,110
1781592027181000000,251.411,110
1781592028186000000,252.4159997558594,111
1781592029191000000,253.421,111
1781592030196000000,254.426,111
1781592031202000000,255.43199975585938,112
1781592032207000000,256.437,112
1781592033212000000,257.442,112
1781592034217000000,258.447,111
1781592035223000000,259.453,111
1781592036228000000,260.458,112
1781592037234000000,261.4639997558594,112
1781592038239000000,262.469,112
1781592039244000000,263.474,112
1781592040249000000,264.479,113
1781592041254000000,265.48400024414065,113
1781592042260000000,266.49,113
1781592043265000000,267.495,113
1781592044270000000,268.5000002441406,114
1781592045275000000,269.505,114
1781592046280000000,270.51,114
1781592047285000000,271.515,114
1781592048290000000,272.5199997558594,115
1781592049295000000,273.525,115
1781592050300000000,274.53,115
1781592051305000000,275.535,116
1781592052309000000,276.539,116
1781592053315000000,277.545,116
1781592054320000000,278.55,117
1781592055325000000,279.555,117
1781592056330000000,280.5599997558594,117
1781592057335000000,281.565,117
1781592058340000000,282.57,118
1781592059345000000,283.575,118
1781592060351000000,284.581,118
1781592061356000000,285.586,118
1781592062361000000,286.591,118
1781592063367000000,287.597,118
1781592064372000000,288.602,118
1781592065377000000,289.607,119
1781592066382000000,290.61200024414063,119
1781592067387000000,291.617,119
1781592068392000000,292.622,119
1781592069397000000,293.627,120
1781592070403000000,294.633,120
1781592071407000000,295.637,120
1781592072412000000,296.642,120
1781592073418000000,297.64799975585936,120
1781592074423000000,298.653,119
1781592075428000000,299.658,119
1781592076433000000,300.663,119
1781592077438000000,301.6680002441406,119
1781592078443000000,302.673,118
1781592079448000000,303.678,118
1781592080452000000,304.682,118
1781592081457000000,305.687,118
1781592082463000000,306.693,118
1781592083468000000,307.698,118
1781592084474000000,308.7039997558594,118
1781592085479000000,309.709,118
1781592086482000000,310.7119997558594,117
1781592087488000000,311.718,117
1781592088494000000,312.7240002441406,117
1781592089499000000,313.729,117
1781592090505000000,314.735,117
1781592091510000000,315.7400002441406,116
1781592092515000000,316.745,116
1781592093521000000,317.751,116
1781592094526000000,318.75600024414064,116
1781592095531000000,319.761,116
1781592096536000000,320.766,115
1781592097541000000,321.771,115
1781592098546000000,322.7759997558594,115
1781592099552000000,323.782,116
1781592100557000000,324.787,116
1781592101562000000,325.79199975585936,116
1781592102568000000,326.798,116
1781592103573000000,327.803,116
1781592104578000000,328.8079997558594,116
1781592105583000000,329.813,115
1781592106588000000,330.818,115
1781592107593000000,331.823,115
1781592108598000000,332.82800024414064,115
1781592109604000000,333.834,115
1781592110608000000,334.838,115
1781592111614000000,335.8440002441406,115
1781592112619000000,336.849,115
1781592113624000000,337.854,115
1781592114630000000,338.8600002441406,116
1781592115635000000,339.865,116
1781592116638000000,340.8680002441406,116
1781592117643000000,341.873,116
1781592118648000000,342.878,117
1781592119653000000,343.883,117
1781592120658000000,344.88799975585937,117
1781592121663000000,345.893,118
1781592122667000000,346.897,118
1781592123671000000,347.901,118
1781592124676000000,348.906,118
1781592125682000000,349.91199975585937,118
1781592126687000000,350.917,118
1781592127692000000,351.922,118
1781592128698000000,352.9279997558594,118
1781592129703000000,353.933,118
1781592130709000000,354.939,118
1781592131714000000,355.94399975585935,118
1781592132720000000,356.95,118
1781592133725000000,357.955,119
1781592134730000000,358.95999975585937,119
1781592135735000000,359.965,119
1781592136740000000,360.97,120
1781592137745000000,361.975,120
1781592138750000000,362.9800002441406,120
1781592139756000000,363.986,121
1781592140761000000,364.991,121
1781592141766000000,365.99600024414065,121
1781592142771000000,367.001,121
1781592143777000000,368.007,121
1781592144782000000,369.0120002441406,121
1781592145788000000,370.018,121
1781592146793000000,371.023,121
1781592147798000000,372.0280002441406,121
1781592148803000000,373.033,122
1781592149809000000,374.039,122
1781592150813000000,375.043,122
1781592151819000000,376.049,123
1781592152824000000,377.054,122
1781592153829000000,378.059,122
1781592154834000000,379.06399975585936,122
1781592155839000000,380.069,122
1781592156844000000,381.074,122
1781592157850000000,382.0799997558594,122
1781592158855000000,383.085,123
1781592159860000000,384.09,123
1781592160866000000,385.0959997558594,123
1781592161871000000,386.101,123
1781592162876000000,387.106,123
1781592163881000000,388.111,123
1781592164886000000,389.11600024414065,122
1781592165891000000,390.121,122
1781592166896000000,391.126,122
1781592167901000000,392.131,123
1781592168906000000,393.13599975585936,123
1781592169911000000,394.141,123
1781592170917000000,395.147,123
1781592171921000000,396.151,123
1781592172926000000,397.1560002441406,123
1781592173931000000,398.161,123
1781592174936000000,399.166,123
1781592175941000000,400.171,123
1781592176946000000,401.1759997558594,123
1781592177951000000,402.181,123
1781592178957000000,403.187,123
1781592179962000000,404.1919997558594,123
1781592180967000000,405.197,124
1781592181972000000,406.202,124
1781592182977000000,407.207,124
1781592183982000000,408.2120002441406,123
1781592184987000000,409.217,123
1781592185992000000,410.222,122
1781592186998000000,411.2280002441406,122
1781592188003000000,412.233,122
1781592189009000000,413.239,122
1781592190014000000,414.24400024414064,122
1781592191019000000,415.249,122
1781592192024000000,416.254,121
1781592193029000000,417.259,122
1781592194034000000,418.2639997558594,122
1781592195039000000,419.269,122
1781592196045000000,420.275,122
1781592197050000000,421.27999975585936,122
1781592198055000000,422.285,122
1781592199060000000,423.29,122
1781592200065000000,424.295,123
1781592201070000000,425.3000002441406,123
1781592202075000000,426.305,123
1781592203080000000,427.31,123
1781592204085000000,428.315,122
1781592205090000000,429.3199997558594,122
1781592206095000000,430.325,122
1781592207100000000,431.33,123
1781592208105000000,432.335,123
1781592209110000000,433.34000024414064,123
1781592210115000000,434.345,123
1781592211120000000,435.35,123
1781592212125000000,436.355,124
1781592213131000000,437.361,124
1781592214136000000,438.366,124
1781592215142000000,439.3720002441406,124
1781592216148000000,440.378,124
1781592217153000000,441.383,124
1781592218158000000,442.38800024414064,124
1781592219163000000,443.393,125
1781592220168000000,444.398,125
1781592221173000000,445.403,125
1781592222179000000,446.409,125
1781592223184000000,447.414,125
1781592224189000000,448.419,125
1781592225195000000,449.425,125
1781592226201000000,450.431,124
1781592227206000000,451.43600024414064,124
1781592228211000000,452.441,124
1781592229217000000,453.447,124
1781592230222000000,454.4520002441406,124
1781592231227000000,455.457,125
1781592232232000000,456.462,125
1781592233238000000,457.4680002441406,126
1781592234243000000,458.473,126
1781592235248000000,459.478,126
1781592236254000000,460.48400024414065,126
1781592237259000000,461.489,126
1781592238264000000,462.494,126
1781592239269000000,463.499,126
1781592240274000000,464.50399975585935,126
1781592241280000000,465.51,127
1781592242285000000,466.515,127
1781592243291000000,467.521,127
1781592244296000000,468.526,128
1781592245301000000,469.531,128
1781592246306000000,470.5359997558594,129
1781592247311000000,471.541,129
1781592248315000000,472.545,129
1781592249320000000,473.55,129
1781592250325000000,474.555,129
1781592251330000000,475.5599997558594,129
1781592252334000000,476.56400024414063,129
1781592253339000000,477.569,129
1781592254344000000,478.574,129
1781592255348000000,479.578,130
1781592256353000000,480.583,130
1781592257358000000,481.58800024414063,131
1781592258363000000,482.593,132
1781592259367000000,483.597,132
1781592260372000000,484.602,132
1781592261377000000,485.607,133
1781592262382000000,486.61200024414063,133
1781592264393000000,488.623,134
1781592265398000000,489.62800024414065,134
1781592299582000000,523.8120002441407,138
1781592300587000000,524.817,138
1781592301592000000,525.822,138
1781592302598000000,526.8280002441406,139
1781592303604000000,527.834,139
1781592304609000000,528.839,138
1781592305614000000,529.8440002441406,138
1781592306620000000,530.85,138
1781592307626000000,531.8559997558593,138
1781592308631000000,532.861,138
1781592309637000000,533.867,139
1781592310643000000,534.873,139
1781592311648000000,535.878,139
1781592312653000000,536.883,139
1781592313659000000,537.889,139
1781592314664000000,538.894,139
1781592315670000000,539.9000002441406,138
1781592316675000000,540.905,138
1781592317681000000,541.911,139
1781592318686000000,542.9160002441406,139
1781592319692000000,543.922,139
1781592320697000000,544.927,140
1781592321703000000,545.933,140
1781592322709000000,546.939,141
1781592323715000000,547.945,141
1781592324720000000,548.95,141
1781592325725000000,549.955,141
1781592326731000000,550.961,141
1781592327737000000,551.967,141
1781592328743000000,552.973,140
1781592329749000000,553.979,140
1781592330755000000,554.985,139
1781592331760000000,555.99,139
1781592332766000000,556.9960002441406,139
1781592333771000000,558.001,140
1781592334777000000,559.007,140
1781592335783000000,560.013,140
1781592336789000000,561.019,140
1781592337795000000,562.025,140
1781592338800000000,563.03,141
1781592339806000000,564.0360002441406,141
1781592340811000000,565.041,142
1781592341817000000,566.047,142
1781592342822000000,567.0520002441406,142
1781592343828000000,568.058,142
1781592344833000000,569.063,142
1781592345839000000,570.069,142
1781592346844000000,571.074,142
1781592347850000000,572.0799997558594,142
1781592348856000000,573.086,142
1781592349862000000,574.0920002441406,142
1781592350867000000,575.097,142
1781592351873000000,576.103,142
1781592352879000000,577.109,142
1781592353884000000,578.114,141
1781592354890000000,579.1199997558593,141
1781592355895000000,580.125,141
1781592356900000000,581.13,140
1781592357906000000,582.1359997558594,140
1781592358912000000,583.142,140
1781592359918000000,584.1480002441406,140
1781592360923000000,585.153,140
1781592361929000000,586.159,139
1781592362935000000,587.165,139
1781592363941000000,588.171,139
1781592364947000000,589.177,140
1781592365953000000,590.183,140
1781592366959000000,591.189,140
1781592367965000000,592.195,140
1781592368970000000,593.1999997558594,139
1781592369976000000,594.206,139
1781592370982000000,595.2120002441407,139
1781592371987000000,596.217,139
1781592372993000000,597.223,140
1781592373999000000,598.229,140
1781592375005000000,599.235,140
1781592376011000000,600.241,140
1781592377016000000,601.246,140
1781592378022000000,602.2520002441406,139
1781592379028000000,603.258,139
1781592380033000000,604.263,139
1781592381038000000,605.2680002441406,139
1781592382044000000,606.274,139
1781592383049000000,607.279,139
1781592384055000000,608.285,139
1781592385061000000,609.291,139
1781592386067000000,610.297,140
1781592387073000000,611.303,140
1781592388079000000,612.309,140
1781592389085000000,613.315,141
1781592390092000000,614.322,141
1781592391098000000,615.3279997558594,141
1781592392099000000,616.329,142
1781592393106000000,617.3359997558593,142
1781592394113000000,618.343,142
1781592395119000000,619.349,142
1781592396125000000,620.355,143
1781592397131000000,621.361,142
1781592398137000000,622.367,142
1781592399143000000,623.373,142
1781592400149000000,624.379,142
1781592401155000000,625.385,142
1781592402162000000,626.3919997558594,142
1781592403168000000,627.398,142
1781592404174000000,628.4040002441407,142
1781592405180000000,629.41,142
1781592406186000000,630.4159997558594,142
1781592407193000000,631.423,142
1781592408199000000,632.429,142
1781592409205000000,633.435,142
1781592410211000000,634.441,142
1781592411217000000,635.447,142
1781592412223000000,636.453,142
1781592413229000000,637.459,142
1781592414236000000,638.466,142
1781592415242000000,639.4719997558594,142
1781592416248000000,640.478,142
1781592417254000000,641.4840002441406,142
1781592418260000000,642.49,141
1781592419266000000,643.4959997558594,141
1781592420272000000,644.502,141
1781592421278000000,645.5080002441406,141
1781592422284000000,646.514,140
1781592423290000000,647.5199997558594,140
1781592424296000000,648.526,140
1781592425302000000,649.5320002441406,140
1781592426307000000,650.537,140
1781592427313000000,651.543,141
1781592428319000000,652.549,141
1781592429325000000,653.555,141
1781592430330000000,654.5599997558594,142
1781592431337000000,655.567,142
1781592432342000000,656.5720002441407,142
1781592433348000000,657.578,142
1781592434354000000,658.5839997558594,142
1781592435360000000,659.59,142
1781592436366000000,660.5960002441407,142
1781592437372000000,661.602,142
1781592438378000000,662.6079997558594,142
1781592439384000000,663.614,143
1781592440390000000,664.6200002441407,143
1781592441395000000,665.625,143
1781592442402000000,666.6319997558594,143
1781592443407000000,667.637,144
1781592444413000000,668.643,144
1781592445420000000,669.65,144
1781592446426000000,670.6559997558594,144
1781592447431000000,671.661,144
1781592448437000000,672.667,144
1781592449443000000,673.673,144
1781592450449000000,674.679,144
1781592451455000000,675.685,144
1781592452460000000,676.69,145
1781592453466000000,677.6959997558594,145
1781592454471000000,678.701,145
1781592455477000000,679.707,145
1781592456482000000,680.7119997558593,145
1781592457487000000,681.717,146
1781592458493000000,682.723,146
1781592459498000000,683.7279997558594,146
1781592460503000000,684.733,147
1781592461508000000,685.738,147
1781592462513000000,686.743,147
1781592463519000000,687.749,146
1781592464524000000,688.754,146
1781592465530000000,689.7599997558593,145
1781592466535000000,690.765,145
1781592467541000000,691.771,145
1781592468547000000,692.777,145
1781592469553000000,693.783,145
1781592470559000000,694.789,144
1781592471564000000,695.794,144
1781592472570000000,696.7999997558594,143
1781592473576000000,697.806,143
1781592474581000000,698.811,143
1781592475586000000,699.8159997558594,142
1781592476592000000,700.822,142
1781592477599000000,701.829,141
1781592478604000000,702.834,141
1781592479610000000,703.8399997558594,140
1781592480616000000,704.846,140
1781592481623000000,705.853,139
1781592482629000000,706.859,139
1781592483635000000,707.865,139
1781592484641000000,708.871,139
1781592485647000000,709.877,139
1781592486654000000,710.8840002441407,138
1781592487660000000,711.89,138
1781592488666000000,712.8959997558594,137
1781592489672000000,713.902,137
1781592490678000000,714.9080002441407,137
1781592491684000000,715.914,137
1781592492690000000,716.9199997558594,137
1781592493696000000,717.926,137
1781592494702000000,718.9320002441407,136
1781592495707000000,719.937,136
1781592496713000000,720.943,136
1781592497720000000,721.95,136
1781592498726000000,722.9560002441406,136
1781592499732000000,723.962,136
1781592500738000000,724.9679997558594,136
1781592501744000000,725.974,136
1781592502750000000,726.9800002441406,136
1781592503756000000,727.986,136
1781592504762000000,728.9919997558594,137
1781592505768000000,729.998,137
1781592506774000000,731.0040002441406,138
1781592507780000000,732.01,138
1781592508786000000,733.0159997558594,139
1781592509792000000,734.022,139
1781592510798000000,735.0280002441406,139
1781592511804000000,736.034,139
1781592512809000000,737.039,139
1781592513815000000,738.045,138
1781592514821000000,739.051,138
1781592515826000000,740.0559997558594,138
1781592516831000000,741.061,138
1781592517836000000,742.066,137
1781592518842000000,743.0719997558593,137
1781592519847000000,744.077,136
1781592520852000000,745.082,136
1781592521857000000,746.087,136
1781592522863000000,747.093,136
1781592523868000000,748.098,136
1781592524873000000,749.103,136
1781592525879000000,750.109,137
1781592526884000000,751.114,137
1781592527889000000,752.119,137
1781592528895000000,753.125,137
1781592529900000000,754.13,137
1781592530905000000,755.135,137
1781592531910000000,756.1400002441407,137
1781592532915000000,757.145,137
1781592533920000000,758.15,138
1781592534926000000,759.1560002441406,138
1781592535931000000,760.161,138
1781592536936000000,761.166,138
1781592537942000000,762.1720002441406,137
1781592538947000000,763.177,137
1781592539952000000,764.182,137
1781592540958000000,765.1880002441407,137
1781592541963000000,766.193,136
1781592542967000000,767.197,136
1781592543972000000,768.202,136
1781592544978000000,769.2079997558594,136
1781592545983000000,770.213,136
1781592546988000000,771.218,136
1781592547992000000,772.222,135
1781592548997000000,773.227,135
1781592550003000000,774.233,135
1781592551008000000,775.238,135
1781592552014000000,776.2440002441406,135
1781592553019000000,777.249,134
1781592554022000000,778.2520002441406,134
1781592555027000000,779.257,134
1781592556032000000,780.262,134
1781592557037000000,781.267,134
1781592558042000000,782.2719997558594,134
1781592559047000000,783.277,134
1781592560050000000,784.2799997558594,134
1781592561055000000,785.285,133
1781592562061000000,786.291,133
1781592563067000000,787.297,133
1781592564073000000,788.303,132
1781592565079000000,789.309,132
1781592566084000000,790.314,133
1781592567089000000,791.319,133
1781592568095000000,792.325,133
1781592569101000000,793.331,132
1781592570106000000,794.3359997558593,132
1781592571112000000,795.342,132
1781592572118000000,796.3480002441406,132
1781592573124000000,797.354,132
1781592574130000000,798.3599997558593,132
1781592575135000000,799.365,132
1781592576141000000,800.371,133
1781592577147000000,801.377,133
1781592578151000000,802.381,133
1781592579157000000,803.387,133
1781592580163000000,804.393,133
1781592581169000000,805.399,133
1781592582174000000,806.4040002441407,133
1781592583180000000,807.41,134
1781592584185000000,808.415,134
1781592585190000000,809.4200002441406,134
1781592586195000000,810.425,134
1781592587200000000,811.43,134
1781592588205000000,812.435,134
1781592589210000000,813.4399997558594,134
1781592590214000000,814.4440002441406,135
1781592591219000000,815.449,135
1781592592224000000,816.454,135
1781592593229000000,817.459,135
1781592594234000000,818.4639997558594,136
1781592595239000000,819.469,136
1781592596244000000,820.474,135
1781592597249000000,821.479,135
1781592598254000000,822.4840002441406,135
1781592599259000000,823.489,135
1781592600264000000,824.494,135
1781592601270000000,825.5000002441407,135
1781592602274000000,826.5039997558594,135
1781592603279000000,827.509,135
1781592604284000000,828.514,135
1781592605289000000,829.519,135
1781592606294000000,830.5240002441407,135
1781592607299000000,831.529,135
1781592608304000000,832.534,135
1781592609309000000,833.539,135
1781592610314000000,834.5439997558594,134
1781592611319000000,835.549,134
1781592612324000000,836.554,133
1781592613329000000,837.559,132
1781592614334000000,838.5640002441406,131
1781592615339000000,839.569,130
1781592616343000000,840.573,130
1781592617348000000,841.578,129
1781592618353000000,842.583,129
1781592619358000000,843.5880002441406,129
1781592620362000000,844.5919997558593,129
1781592621367000000,845.597,129
1781592622372000000,846.602,130
1781592623376000000,847.606,130
1781592624381000000,848.611,130
1781592625385000000,849.615,131
1781592626390000000,850.6200002441407,131
1781592627395000000,851.625,131
1781592628399000000,852.629,132
1781592629404000000,853.634,132
1781592630409000000,854.639,132
1781592631414000000,855.6440002441407,132
1781592632416000000,856.646,132
1781592633421000000,857.651,133
1781592634426000000,858.6559997558594,133
1781592635431000000,859.661,133
1781592636436000000,860.666,134
1781592637441000000,861.671,134
1781592638445000000,862.675,135
1781592639450000000,863.6799997558594,135
1781592640455000000,864.685,135
1781592641459000000,865.689,136
1781592642464000000,866.694,136
1781592643469000000,867.699,136
1781592644473000000,868.703,136
1781592645478000000,869.7080002441406,137
1781592646482000000,870.7119997558593,137
1781592647487000000,871.717,137
1781592648492000000,872.722,137
1781592649496000000,873.726,136
1781592650501000000,874.731,136
1781592651506000000,875.7359997558593,137
1781592652510000000,876.7400002441407,137
1781592653515000000,877.745,137
1781592654520000000,878.75,137
1781592655524000000,879.754,137
1781592656529000000,880.759,137
1781592657534000000,881.7640002441407,137
1781592658539000000,882.769,138
1781592659544000000,883.774,138
1781592660548000000,884.778,138
1781592661553000000,885.783,138
1781592662557000000,886.787,138
1781592663562000000,887.7919997558594,138
1781592664566000000,888.7960002441406,139
1781592665571000000,889.801,138
1781592666575000000,890.805,138
1781592667579000000,891.809,138
1781592668584000000,892.814,138
1781592669589000000,893.819,138
1781592670593000000,894.823,138
1781592671598000000,895.8280002441406,138
1781592672603000000,896.833,138
1781592673608000000,897.838,138
1781592674613000000,898.843,138
1781592675618000000,899.8479997558594,138
1781592676624000000,900.854,138
1781592677629000000,901.859,138
1781592678634000000,902.8639997558594,138
1781592679639000000,903.869,138
1781592680644000000,904.874,138
1781592681649000000,905.879,138
1781592682654000000,906.8840002441407,138
1781592683659000000,907.889,138
1781592684665000000,908.895,137
1781592685670000000,909.9000002441406,137
1781592686675000000,910.905,137
1781592687681000000,911.911,137
1781592688686000000,912.9160002441406,137
1781592689691000000,913.921,137
1781592690696000000,914.926,137
1781592691701000000,915.931,137
1781592692706000000,916.9359997558594,137
1781592693711000000,917.941,137
1781592694716000000,918.946,138
1781592695721000000,919.951,138
1781592696726000000,920.9560002441406,138
1781592697730000000,921.9599997558594,139
1781592698735000000,922.965,139
1781592699740000000,923.97,139
1781592700745000000,924.975,139
1781592701750000000,925.9800002441406,139
1781592702755000000,926.985,139
1781592703760000000,927.99,139
1781592704764000000,928.994,139
1781592705769000000,929.999,139
1781592706774000000,931.0040002441406,139
1781592707779000000,932.009,139
1781592708784000000,933.014,140
1781592709788000000,934.018,140
1781592710793000000,935.023,140
1781592711799000000,936.029,140
1781592712804000000,937.034,140
1781592713809000000,938.039,141
1781592714814000000,939.0440002441406,141
1781592715820000000,940.05,141
1781592716825000000,941.055,141
1781592717830000000,942.0600002441406,141
1781592718836000000,943.066,141
1781592719841000000,944.071,141
1781592720846000000,945.0760002441406,141
1781592722856000000,947.086,140
1781592723861000000,948.091,140
1781592724866000000,949.0959997558593,140
1781592725871000000,950.101,140
1781592726876000000,951.106,140
1781592727881000000,952.111,140
1781592728887000000,953.117,140
1781592729891000000,954.121,140
1781592730896000000,955.126,140
1781592731901000000,956.131,140
1781592732906000000,957.1359997558594,140
1781592733910000000,958.1400002441407,140
1781592734915000000,959.145,140
1781592735920000000,960.15,140
1781592736924000000,961.154,140
1781592737929000000,962.159,141
1781592738934000000,963.1640002441407,141
1781592739939000000,964.169,141
1781592741948000000,966.178,141
1781592742952000000,967.182,141
1781592743957000000,968.187,141
1781592744962000000,969.1919997558593,140
1781592745967000000,970.197,140
1781592746972000000,971.202,140
1781592747977000000,972.207,140
1781592748982000000,973.2120002441407,139
1781592749987000000,974.217,140
1781592750991000000,975.221,140
1781592751996000000,976.226,139
1781592753001000000,977.231,139
1781592754005000000,978.235,139
1781592755010000000,979.2399997558593,139
1781592756015000000,980.245,139
1781592757020000000,981.25,139
1781592758025000000,982.255,140
1781592759030000000,983.2600002441407,140
1781592760035000000,984.265,140
1781592761041000000,985.271,140
1781592762045000000,986.275,140
1781592763051000000,987.281,140
1781592764055000000,988.285,140
1781592765061000000,989.291,141
1781592766066000000,990.2959997558594,141
1781592767071000000,991.301,140
1781592769082000000,993.3119997558593,140
1781592770084000000,994.314,140
1781592772094000000,996.3240002441406,139
1781592773099000000,997.329,139
1781592776113000000,1000.343,139
1781592777119000000,1001.349,139
1781592778124000000,1002.354,139
1781592779129000000,1003.359,139
1781592780134000000,1004.3640002441406,139
1781592781139000000,1005.369,139
1781592782144000000,1006.374,139
1781592783150000000,1007.3800002441407,139
1781592784155000000,1008.385,139
1781592785161000000,1009.391,139
1781592787171000000,1011.401,138
1781592788177000000,1012.407,137
1781592789182000000,1013.4120002441406,135
1781592790188000000,1014.418,132
1781592791193000000,1015.423,130
1781592792199000000,1016.429,127
1781592793204000000,1017.434,125
1781592794209000000,1018.439,124
1781592795214000000,1019.4440002441406,122
1781592796220000000,1020.45,120
1781592797225000000,1021.455,119
1781592798230000000,1022.4600002441406,117
1781592799235000000,1023.465,116
1781592800240000000,1024.47,115
1781592801245000000,1025.475,114
1781592802251000000,1026.481,113
1781592803256000000,1027.486,112
1781592804261000000,1028.491,112
1781592805266000000,1029.4959997558594,112
1781592806272000000,1030.502,111
1781592807276000000,1031.506,111
1781592808281000000,1032.511,111
1781592809286000000,1033.5160002441405,111
1781592810291000000,1034.521,111
1781592811296000000,1035.526,111
1781592812301000000,1036.531,111
1781592813306000000,1037.5359997558594,110
1781592814310000000,1038.5400002441406,110
1781592815315000000,1039.545,110
1781592817324000000,1041.554,110
1781592818329000000,1042.559,110
1781592819334000000,1043.5640002441405,110
1781592820339000000,1044.569,109
1781592821345000000,1045.575,109
1781592822349000000,1046.579,109
1781592823354000000,1047.5839997558594,108
1781592824359000000,1048.589,108
1781592825363000000,1049.593,108
1781592826368000000,1050.598,108
1781592827373000000,1051.603,107
1781592828378000000,1052.6079997558593,107
1781592829383000000,1053.613,107
1781592830388000000,1054.618,107
1781592831393000000,1055.623,107
1781592832398000000,1056.6280002441406,107
1781592833402000000,1057.6319997558594,107
1781592834408000000,1058.638,107
1781592835412000000,1059.642,107
1781592836415000000,1060.645,107
1781592837420000000,1061.65,108
1781592838425000000,1062.655,108
1781592839430000000,1063.6600002441405,108
1781592840436000000,1064.666,108
1781592841441000000,1065.671,109
1781592842446000000,1066.6760002441406,109
1781592843451000000,1067.681,109
1781592844455000000,1068.685,109
1781592845460000000,1069.69,109
1781592846465000000,1070.695,109
1781592847470000000,1071.7000002441407,108
1781592848475000000,1072.705,108
1781592849479000000,1073.709,108
1781592850484000000,1074.714,108
1781592851489000000,1075.719,109
1781592852495000000,1076.725,109
1781592853499000000,1077.729,109
1781592854504000000,1078.734,109
1781592855509000000,1079.739,109
1781592856514000000,1080.7439997558595,109
1781592857518000000,1081.7480002441407,109
1781592858523000000,1082.753,109
1781592859528000000,1083.758,109
1781592860533000000,1084.763,109
1781592861538000000,1085.7679997558594,109
1781592862543000000,1086.773,109
1781592863548000000,1087.778,109
1781592864553000000,1088.783,109
1781592865558000000,1089.7880002441407,108
1781592866562000000,1090.7919997558595,108
1781592867567000000,1091.797,108
1781592868573000000,1092.803,109
1781592869578000000,1093.8079997558593,109
1781592870583000000,1094.813,109
1781592871589000000,1095.819,109
1781592872594000000,1096.8239997558594,109
1781592873599000000,1097.829,109
1781592874604000000,1098.834,109
1781592875609000000,1099.839,109
1781592876614000000,1100.8440002441407,109
1781592877620000000,1101.85,109
1781592878625000000,1102.855,109
1781592879630000000,1103.8600002441406,109
1781592880636000000,1104.866,109
1781592881641000000,1105.871,108
1781592882646000000,1106.8760002441406,108
1781592883651000000,1107.881,108
1781592884657000000,1108.887,108
1781592885662000000,1109.8920002441407,108
1781592886667000000,1110.897,108
1781592887672000000,1111.902,108
1781592888678000000,1112.9080002441406,108
1781592889684000000,1113.914,108
1781592890689000000,1114.919,109
1781592891695000000,1115.925,109
1781592892700000000,1116.93,109
1781592893706000000,1117.9359997558595,109
1781592894711000000,1118.941,109
1781592895717000000,1119.947,109
1781592896722000000,1120.9519997558593,109
1781592897728000000,1121.958,109
1781592898733000000,1122.963,109
1781592899739000000,1123.969,109
1781592900744000000,1124.974,109
1781592901749000000,1125.979,109
1781592902754000000,1126.9839997558595,109
1781592903759000000,1127.989,108
1781592904764000000,1128.994,108
1781592905769000000,1129.999,108
1781592906774000000,1131.0040002441406,108
1781592907780000000,1132.01,107
1781592908785000000,1133.015,107
1781592909790000000,1134.0200002441406,107
1781592910795000000,1135.025,107
1781592911800000000,1136.03,107
1781592912805000000,1137.035,107
1781592913810000000,1138.0399997558593,106
1781592914815000000,1139.045,106
1781592915819000000,1140.049,106
1781592916823000000,1141.053,106
1781592917828000000,1142.058,106
1781592918833000000,1143.063,106
1781592919838000000,1144.0680002441406,106
1781592920842000000,1145.0719997558595,105
1781592921847000000,1146.077,105
1781592922852000000,1147.082,105
1781592923857000000,1148.087,105
1781592924862000000,1149.0920002441405,105
1781592925867000000,1150.097,105
1781592926872000000,1151.102,105
1781592927877000000,1152.107,103
1781592928883000000,1153.113,102
1781592929888000000,1154.118,101
1781592930893000000,1155.123,100
1781592931898000000,1156.1279997558593,100
1781592932903000000,1157.133,100
1781592933908000000,1158.138,100
1781592934913000000,1159.143,99
1781592935919000000,1160.149,99
1781592936924000000,1161.154,100
1781592937929000000,1162.159,101
1781592938934000000,1163.1640002441407,102
1781592939940000000,1164.17,102
1781592940945000000,1165.175,103
1781592941950000000,1166.1800002441407,103
1781592942955000000,1167.185,104
1781592943960000000,1168.19,104
1781592944965000000,1169.195,105
1781592945971000000,1170.201,106
1781592946976000000,1171.206,106
1781592947982000000,1172.2120002441407,107
1781592948987000000,1173.217,107
1781592949993000000,1174.223,108
1781592950998000000,1175.2280002441407,108
1781592952003000000,1176.233,108
1781592953008000000,1177.238,108
1781592954013000000,1178.243,109
1781592955019000000,1179.249,109
1781592956024000000,1180.254,109
1781592957029000000,1181.259,109
1781592958034000000,1182.2639997558595,109
1781592959040000000,1183.27,109
1781592960045000000,1184.275,109
1781592961050000000,1185.2799997558593,109
1781592962056000000,1186.286,109
1781592963061000000,1187.291,109
1781592964066000000,1188.2959997558594,109
1781592965071000000,1189.301,109
1781592966076000000,1190.306,108
1781592967082000000,1191.3119997558595,108
1781592968087000000,1192.317,108
1781592969093000000,1193.323,107
1781592970098000000,1194.3279997558593,107
1781592971103000000,1195.333,107
1781592972109000000,1196.339,107
1781592973114000000,1197.3439997558594,106
1781592974119000000,1198.349,106
1781592975124000000,1199.354,106
1781592976129000000,1200.359,106
1781592977135000000,1201.365,106
1781592978140000000,1202.37,107
1781592979145000000,1203.375,107
1781592980150000000,1204.3800002441405,107
1781592981155000000,1205.385,107
1781592982160000000,1206.39,107
1781592983166000000,1207.3960002441406,107
1781592984171000000,1208.401,107
1781592985176000000,1209.406,107
1781592986181000000,1210.411,108
1781592989195000000,1213.425,108
1781592990201000000,1214.431,109
1781592992211000000,1216.441,109
1781592993216000000,1217.446,109
1781592994221000000,1218.451,110
1781592995226000000,1219.4559997558595,110
1781592996231000000,1220.461,110
1781592997236000000,1221.466,110
1781592998241000000,1222.471,110
1781592999246000000,1223.4760002441406,110
1781593000250000000,1224.4799997558594,110
1781593001255000000,1225.485,110
1781593002259000000,1226.489,110
1781593003264000000,1227.494,110
1781593004269000000,1228.499,110
1781593005274000000,1229.5039997558595,110
1781593006279000000,1230.509,110
1781593007284000000,1231.514,110
1781593008288000000,1232.518,111
1781593009293000000,1233.523,111
1781593010298000000,1234.5279997558594,111
1781593011303000000,1235.533,111
1781593013313000000,1237.543,111
1781593014318000000,1238.5480002441407,111
1781593015324000000,1239.554,111
1781593016329000000,1240.559,111
1781593017334000000,1241.5640002441405,111
1781593019344000000,1243.574,111
1781593020349000000,1244.579,111
1781593022356000000,1246.586,112
1781593023361000000,1247.591,112
1781593026375000000,1250.605,112
1781593027380000000,1251.61,112
1781593028385000000,1252.615,112
1781593029389000000,1253.619,112
1781593030394000000,1254.6239997558594,112
1781593031399000000,1255.629,112
1781593032404000000,1256.634,112
1781593033409000000,1257.639,112
1781593035418000000,1259.6479997558595,112
1781593036422000000,1260.6520002441407,112
1781593037427000000,1261.657,112
1781593038433000000,1262.663,111
1781593039438000000,1263.6680002441406,111
1781593040443000000,1264.673,111
1781593041448000000,1265.678,111
1781593042453000000,1266.683,111
1781593043458000000,1267.6879997558594,110
1781593044463000000,1268.693,110
1781593045468000000,1269.698,110
1781593046473000000,1270.703,110
1781593047478000000,1271.7080002441405,110
1781593048483000000,1272.713,110
1781593049488000000,1273.718,109
1781593050493000000,1274.723,109
1781593051497000000,1275.727,109
1781593052501000000,1276.731,109
1781593053506000000,1277.7359997558594,109
1781593054511000000,1278.741,109
1781593055514000000,1279.7439997558595,109
1781593056519000000,1280.749,108
1781593057523000000,1281.753,108
1781593058527000000,1282.757,108
1781593059532000000,1283.762,108
1781593060536000000,1284.766,107
1781593061540000000,1285.77,107
1781593062545000000,1286.775,107
1781593063549000000,1287.779,107
1781593064554000000,1288.7839997558594,107
1781593065559000000,1289.789,107
1781593066564000000,1290.794,107
1781593068574000000,1292.8040002441405,108
1781593069579000000,1293.809,108
1781593070584000000,1294.814,108
1781593071589000000,1295.819,109
1781593072594000000,1296.8239997558594,109
1781593073599000000,1297.829,109
1781593074604000000,1298.834,109
1781593075610000000,1299.8399997558595,109
1781593076615000000,1300.845,109
